"threshold","TP","FP","TN","FN","sensitivity","specificity"
0.1,25,15,17,2,0.925925925925926,0.53125
0.101,25,15,17,2,0.925925925925926,0.53125
0.102,25,15,17,2,0.925925925925926,0.53125
0.103,25,15,17,2,0.925925925925926,0.53125
0.104,25,15,17,2,0.925925925925926,0.53125
0.105,25,15,17,2,0.925925925925926,0.53125
0.106,25,15,17,2,0.925925925925926,0.53125
0.107,25,15,17,2,0.925925925925926,0.53125
0.108,25,15,17,2,0.925925925925926,0.53125
0.109,25,15,17,2,0.925925925925926,0.53125
0.11,25,15,17,2,0.925925925925926,0.53125
0.111,25,15,17,2,0.925925925925926,0.53125
0.112,25,15,17,2,0.925925925925926,0.53125
0.113,25,15,17,2,0.925925925925926,0.53125
0.114,25,15,17,2,0.925925925925926,0.53125
0.115,25,15,17,2,0.925925925925926,0.53125
0.116,25,15,17,2,0.925925925925926,0.53125
0.117,25,15,17,2,0.925925925925926,0.53125
0.118,25,15,17,2,0.925925925925926,0.53125
0.119,25,15,17,2,0.925925925925926,0.53125
0.12,25,15,17,2,0.925925925925926,0.53125
0.121,25,15,17,2,0.925925925925926,0.53125
0.122,25,15,17,2,0.925925925925926,0.53125
0.123,25,15,17,2,0.925925925925926,0.53125
0.124,25,15,17,2,0.925925925925926,0.53125
0.125,25,15,17,2,0.925925925925926,0.53125
0.126,25,15,17,2,0.925925925925926,0.53125
0.127,25,15,17,2,0.925925925925926,0.53125
0.128,25,15,17,2,0.925925925925926,0.53125
0.129,25,15,17,2,0.925925925925926,0.53125
0.13,25,15,17,2,0.925925925925926,0.53125
0.131,25,15,17,2,0.925925925925926,0.53125
0.132,25,15,17,2,0.925925925925926,0.53125
0.133,25,15,17,2,0.925925925925926,0.53125
0.134,25,15,17,2,0.925925925925926,0.53125
0.135,25,15,17,2,0.925925925925926,0.53125
0.136,25,15,17,2,0.925925925925926,0.53125
0.137,25,15,17,2,0.925925925925926,0.53125
0.138,25,15,17,2,0.925925925925926,0.53125
0.139,25,15,17,2,0.925925925925926,0.53125
0.14,25,15,17,2,0.925925925925926,0.53125
0.141,25,15,17,2,0.925925925925926,0.53125
0.142,25,15,17,2,0.925925925925926,0.53125
0.143,25,15,17,2,0.925925925925926,0.53125
0.144,25,15,17,2,0.925925925925926,0.53125
0.145,25,15,17,2,0.925925925925926,0.53125
0.146,25,15,17,2,0.925925925925926,0.53125
0.147,25,15,17,2,0.925925925925926,0.53125
0.148,25,15,17,2,0.925925925925926,0.53125
0.149,25,15,17,2,0.925925925925926,0.53125
0.15,25,15,17,2,0.925925925925926,0.53125
0.151,25,15,17,2,0.925925925925926,0.53125
0.152,25,15,17,2,0.925925925925926,0.53125
0.153,25,14,18,2,0.925925925925926,0.5625
0.154,25,14,18,2,0.925925925925926,0.5625
0.155,25,14,18,2,0.925925925925926,0.5625
0.156,25,14,18,2,0.925925925925926,0.5625
0.157,25,14,18,2,0.925925925925926,0.5625
0.158,25,14,18,2,0.925925925925926,0.5625
0.159,25,14,18,2,0.925925925925926,0.5625
0.16,25,14,18,2,0.925925925925926,0.5625
0.161,25,13,19,2,0.925925925925926,0.59375
0.162,25,13,19,2,0.925925925925926,0.59375
0.163,25,13,19,2,0.925925925925926,0.59375
0.164,25,13,19,2,0.925925925925926,0.59375
0.165,25,13,19,2,0.925925925925926,0.59375
0.166,24,13,19,3,0.888888888888889,0.59375
0.167,24,13,19,3,0.888888888888889,0.59375
0.168,24,13,19,3,0.888888888888889,0.59375
0.169,24,13,19,3,0.888888888888889,0.59375
0.17,24,13,19,3,0.888888888888889,0.59375
0.171,24,13,19,3,0.888888888888889,0.59375
0.172,24,13,19,3,0.888888888888889,0.59375
0.173,24,13,19,3,0.888888888888889,0.59375
0.174,24,13,19,3,0.888888888888889,0.59375
0.175,24,13,19,3,0.888888888888889,0.59375
0.176,24,13,19,3,0.888888888888889,0.59375
0.177,24,13,19,3,0.888888888888889,0.59375
0.178,24,13,19,3,0.888888888888889,0.59375
0.179,24,13,19,3,0.888888888888889,0.59375
0.18,24,13,19,3,0.888888888888889,0.59375
0.181,24,13,19,3,0.888888888888889,0.59375
0.182,24,13,19,3,0.888888888888889,0.59375
0.183,24,13,19,3,0.888888888888889,0.59375
0.184,24,13,19,3,0.888888888888889,0.59375
0.185,24,13,19,3,0.888888888888889,0.59375
0.186,24,13,19,3,0.888888888888889,0.59375
0.187,24,13,19,3,0.888888888888889,0.59375
0.188,24,13,19,3,0.888888888888889,0.59375
0.189,24,13,19,3,0.888888888888889,0.59375
0.19,24,13,19,3,0.888888888888889,0.59375
0.191,24,13,19,3,0.888888888888889,0.59375
0.192,24,13,19,3,0.888888888888889,0.59375
0.193,24,13,19,3,0.888888888888889,0.59375
0.194,24,13,19,3,0.888888888888889,0.59375
0.195,24,13,19,3,0.888888888888889,0.59375
0.196,24,13,19,3,0.888888888888889,0.59375
0.197,24,13,19,3,0.888888888888889,0.59375
0.198,24,13,19,3,0.888888888888889,0.59375
0.199,24,13,19,3,0.888888888888889,0.59375
0.2,24,13,19,3,0.888888888888889,0.59375
0.201,24,13,19,3,0.888888888888889,0.59375
0.202,24,13,19,3,0.888888888888889,0.59375
0.203,24,13,19,3,0.888888888888889,0.59375
0.204,24,13,19,3,0.888888888888889,0.59375
0.205,24,13,19,3,0.888888888888889,0.59375
0.206,24,13,19,3,0.888888888888889,0.59375
0.207,24,13,19,3,0.888888888888889,0.59375
0.208,24,13,19,3,0.888888888888889,0.59375
0.209,24,13,19,3,0.888888888888889,0.59375
0.21,24,13,19,3,0.888888888888889,0.59375
0.211,24,13,19,3,0.888888888888889,0.59375
0.212,24,13,19,3,0.888888888888889,0.59375
0.213,24,13,19,3,0.888888888888889,0.59375
0.214,24,13,19,3,0.888888888888889,0.59375
0.215,24,13,19,3,0.888888888888889,0.59375
0.216,24,13,19,3,0.888888888888889,0.59375
0.217,24,13,19,3,0.888888888888889,0.59375
0.218,24,11,21,3,0.888888888888889,0.65625
0.219,24,11,21,3,0.888888888888889,0.65625
0.22,24,11,21,3,0.888888888888889,0.65625
0.221,24,11,21,3,0.888888888888889,0.65625
0.222,24,11,21,3,0.888888888888889,0.65625
0.223,24,11,21,3,0.888888888888889,0.65625
0.224,24,11,21,3,0.888888888888889,0.65625
0.225,24,11,21,3,0.888888888888889,0.65625
0.226,24,11,21,3,0.888888888888889,0.65625
0.227,24,11,21,3,0.888888888888889,0.65625
0.228,24,11,21,3,0.888888888888889,0.65625
0.229,24,11,21,3,0.888888888888889,0.65625
0.23,24,11,21,3,0.888888888888889,0.65625
0.231,24,11,21,3,0.888888888888889,0.65625
0.232,24,11,21,3,0.888888888888889,0.65625
0.233,24,11,21,3,0.888888888888889,0.65625
0.234,24,11,21,3,0.888888888888889,0.65625
0.235,24,11,21,3,0.888888888888889,0.65625
0.236,24,11,21,3,0.888888888888889,0.65625
0.237,24,11,21,3,0.888888888888889,0.65625
0.238,24,11,21,3,0.888888888888889,0.65625
0.239,24,11,21,3,0.888888888888889,0.65625
0.24,24,11,21,3,0.888888888888889,0.65625
0.241,24,11,21,3,0.888888888888889,0.65625
0.242,24,11,21,3,0.888888888888889,0.65625
0.243,24,11,21,3,0.888888888888889,0.65625
0.244,24,11,21,3,0.888888888888889,0.65625
0.245,24,11,21,3,0.888888888888889,0.65625
0.246,24,11,21,3,0.888888888888889,0.65625
0.247,24,11,21,3,0.888888888888889,0.65625
0.248,24,11,21,3,0.888888888888889,0.65625
0.249,24,11,21,3,0.888888888888889,0.65625
0.25,24,11,21,3,0.888888888888889,0.65625
0.251,24,11,21,3,0.888888888888889,0.65625
0.252,24,11,21,3,0.888888888888889,0.65625
0.253,24,11,21,3,0.888888888888889,0.65625
0.254,24,11,21,3,0.888888888888889,0.65625
0.255,24,11,21,3,0.888888888888889,0.65625
0.256,24,10,22,3,0.888888888888889,0.6875
0.257,24,10,22,3,0.888888888888889,0.6875
0.258,24,10,22,3,0.888888888888889,0.6875
0.259,24,10,22,3,0.888888888888889,0.6875
0.26,24,10,22,3,0.888888888888889,0.6875
0.261,24,10,22,3,0.888888888888889,0.6875
0.262,24,10,22,3,0.888888888888889,0.6875
0.263,24,10,22,3,0.888888888888889,0.6875
0.264,24,10,22,3,0.888888888888889,0.6875
0.265,24,10,22,3,0.888888888888889,0.6875
0.266,24,10,22,3,0.888888888888889,0.6875
0.267,24,10,22,3,0.888888888888889,0.6875
0.268,24,10,22,3,0.888888888888889,0.6875
0.269,24,10,22,3,0.888888888888889,0.6875
0.27,23,9,23,4,0.851851851851852,0.71875
0.271,23,9,23,4,0.851851851851852,0.71875
0.272,23,9,23,4,0.851851851851852,0.71875
0.273,23,9,23,4,0.851851851851852,0.71875
0.274,23,9,23,4,0.851851851851852,0.71875
0.275,23,9,23,4,0.851851851851852,0.71875
0.276,23,9,23,4,0.851851851851852,0.71875
0.277,23,9,23,4,0.851851851851852,0.71875
0.278,23,9,23,4,0.851851851851852,0.71875
0.279,23,8,24,4,0.851851851851852,0.75
0.28,23,8,24,4,0.851851851851852,0.75
0.281,23,8,24,4,0.851851851851852,0.75
0.282,23,8,24,4,0.851851851851852,0.75
0.283,23,8,24,4,0.851851851851852,0.75
0.284,23,8,24,4,0.851851851851852,0.75
0.285,23,8,24,4,0.851851851851852,0.75
0.286,23,8,24,4,0.851851851851852,0.75
0.287,23,8,24,4,0.851851851851852,0.75
0.288,23,8,24,4,0.851851851851852,0.75
0.289,23,8,24,4,0.851851851851852,0.75
0.29,23,8,24,4,0.851851851851852,0.75
0.291,23,8,24,4,0.851851851851852,0.75
0.292,23,8,24,4,0.851851851851852,0.75
0.293,23,7,25,4,0.851851851851852,0.78125
0.294,23,7,25,4,0.851851851851852,0.78125
0.295,23,7,25,4,0.851851851851852,0.78125
0.296,23,7,25,4,0.851851851851852,0.78125
0.297,23,7,25,4,0.851851851851852,0.78125
0.298,23,7,25,4,0.851851851851852,0.78125
0.299,23,7,25,4,0.851851851851852,0.78125
0.3,23,7,25,4,0.851851851851852,0.78125
0.301,23,7,25,4,0.851851851851852,0.78125
0.302,23,7,25,4,0.851851851851852,0.78125
0.303,23,7,25,4,0.851851851851852,0.78125
0.304,23,7,25,4,0.851851851851852,0.78125
0.305,23,7,25,4,0.851851851851852,0.78125
0.306,23,7,25,4,0.851851851851852,0.78125
0.307,23,7,25,4,0.851851851851852,0.78125
0.308,23,7,25,4,0.851851851851852,0.78125
0.309,23,7,25,4,0.851851851851852,0.78125
0.31,23,7,25,4,0.851851851851852,0.78125
0.311,23,7,25,4,0.851851851851852,0.78125
0.312,23,7,25,4,0.851851851851852,0.78125
0.313,23,7,25,4,0.851851851851852,0.78125
0.314,23,7,25,4,0.851851851851852,0.78125
0.315,23,7,25,4,0.851851851851852,0.78125
0.316,23,7,25,4,0.851851851851852,0.78125
0.317,23,7,25,4,0.851851851851852,0.78125
0.318,23,7,25,4,0.851851851851852,0.78125
0.319,23,6,26,4,0.851851851851852,0.8125
0.32,23,6,26,4,0.851851851851852,0.8125
0.321,23,6,26,4,0.851851851851852,0.8125
0.322,23,6,26,4,0.851851851851852,0.8125
0.323,23,6,26,4,0.851851851851852,0.8125
0.324,23,6,26,4,0.851851851851852,0.8125
0.325,23,5,27,4,0.851851851851852,0.84375
0.326,23,5,27,4,0.851851851851852,0.84375
0.327,23,5,27,4,0.851851851851852,0.84375
0.328,23,5,27,4,0.851851851851852,0.84375
0.329,23,5,27,4,0.851851851851852,0.84375
0.33,23,5,27,4,0.851851851851852,0.84375
0.331,23,5,27,4,0.851851851851852,0.84375
0.332,23,5,27,4,0.851851851851852,0.84375
0.333,23,5,27,4,0.851851851851852,0.84375
0.334,23,5,27,4,0.851851851851852,0.84375
0.335,23,5,27,4,0.851851851851852,0.84375
0.336,23,5,27,4,0.851851851851852,0.84375
0.337,23,5,27,4,0.851851851851852,0.84375
0.338,23,5,27,4,0.851851851851852,0.84375
0.339,23,5,27,4,0.851851851851852,0.84375
0.34,23,5,27,4,0.851851851851852,0.84375
0.341,23,5,27,4,0.851851851851852,0.84375
0.342,23,5,27,4,0.851851851851852,0.84375
0.343,23,5,27,4,0.851851851851852,0.84375
0.344,23,5,27,4,0.851851851851852,0.84375
0.345,23,5,27,4,0.851851851851852,0.84375
0.346,23,5,27,4,0.851851851851852,0.84375
0.347,23,5,27,4,0.851851851851852,0.84375
0.348,23,5,27,4,0.851851851851852,0.84375
0.349,23,5,27,4,0.851851851851852,0.84375
0.35,23,5,27,4,0.851851851851852,0.84375
0.351,23,5,27,4,0.851851851851852,0.84375
0.352,23,5,27,4,0.851851851851852,0.84375
0.353,23,5,27,4,0.851851851851852,0.84375
0.354,23,5,27,4,0.851851851851852,0.84375
0.355,23,5,27,4,0.851851851851852,0.84375
0.356,23,5,27,4,0.851851851851852,0.84375
0.357,23,5,27,4,0.851851851851852,0.84375
0.358,23,5,27,4,0.851851851851852,0.84375
0.359,23,5,27,4,0.851851851851852,0.84375
0.36,23,5,27,4,0.851851851851852,0.84375
0.361,23,5,27,4,0.851851851851852,0.84375
0.362,23,5,27,4,0.851851851851852,0.84375
0.363,23,5,27,4,0.851851851851852,0.84375
0.364,23,5,27,4,0.851851851851852,0.84375
0.365,23,5,27,4,0.851851851851852,0.84375
0.366,23,5,27,4,0.851851851851852,0.84375
0.367,23,5,27,4,0.851851851851852,0.84375
0.368,23,5,27,4,0.851851851851852,0.84375
0.369,23,5,27,4,0.851851851851852,0.84375
0.37,23,5,27,4,0.851851851851852,0.84375
0.371,23,5,27,4,0.851851851851852,0.84375
0.372,23,5,27,4,0.851851851851852,0.84375
0.373,23,5,27,4,0.851851851851852,0.84375
0.374,23,5,27,4,0.851851851851852,0.84375
0.375,23,5,27,4,0.851851851851852,0.84375
0.376,23,5,27,4,0.851851851851852,0.84375
0.377,23,5,27,4,0.851851851851852,0.84375
0.378,23,5,27,4,0.851851851851852,0.84375
0.379,23,5,27,4,0.851851851851852,0.84375
0.38,23,5,27,4,0.851851851851852,0.84375
0.381,23,5,27,4,0.851851851851852,0.84375
0.382,23,4,28,4,0.851851851851852,0.875
0.383,22,4,28,5,0.814814814814815,0.875
0.384,22,4,28,5,0.814814814814815,0.875
0.385,22,4,28,5,0.814814814814815,0.875
0.386,22,4,28,5,0.814814814814815,0.875
0.387,22,4,28,5,0.814814814814815,0.875
0.388,22,4,28,5,0.814814814814815,0.875
0.389,22,4,28,5,0.814814814814815,0.875
0.39,22,4,28,5,0.814814814814815,0.875
0.391,22,4,28,5,0.814814814814815,0.875
0.392,22,4,28,5,0.814814814814815,0.875
0.393,22,4,28,5,0.814814814814815,0.875
0.394,22,4,28,5,0.814814814814815,0.875
0.395,22,4,28,5,0.814814814814815,0.875
0.396,22,4,28,5,0.814814814814815,0.875
0.397,22,4,28,5,0.814814814814815,0.875
0.398,22,4,28,5,0.814814814814815,0.875
0.399,22,4,28,5,0.814814814814815,0.875
0.4,22,4,28,5,0.814814814814815,0.875
0.401,22,4,28,5,0.814814814814815,0.875
0.402,22,4,28,5,0.814814814814815,0.875
0.403,22,4,28,5,0.814814814814815,0.875
0.404,22,4,28,5,0.814814814814815,0.875
0.405,22,4,28,5,0.814814814814815,0.875
0.406,22,4,28,5,0.814814814814815,0.875
0.407,22,4,28,5,0.814814814814815,0.875
0.408,22,4,28,5,0.814814814814815,0.875
0.409,22,4,28,5,0.814814814814815,0.875
0.41,22,4,28,5,0.814814814814815,0.875
0.411,22,4,28,5,0.814814814814815,0.875
0.412,22,4,28,5,0.814814814814815,0.875
0.413,22,4,28,5,0.814814814814815,0.875
0.414,22,4,28,5,0.814814814814815,0.875
0.415,22,4,28,5,0.814814814814815,0.875
0.416,22,4,28,5,0.814814814814815,0.875
0.417,22,4,28,5,0.814814814814815,0.875
0.418,22,4,28,5,0.814814814814815,0.875
0.419,22,4,28,5,0.814814814814815,0.875
0.42,22,4,28,5,0.814814814814815,0.875
0.421,22,4,28,5,0.814814814814815,0.875
0.422,22,4,28,5,0.814814814814815,0.875
0.423,22,4,28,5,0.814814814814815,0.875
0.424,22,4,28,5,0.814814814814815,0.875
0.425,22,4,28,5,0.814814814814815,0.875
0.426,22,4,28,5,0.814814814814815,0.875
0.427,22,4,28,5,0.814814814814815,0.875
0.428,22,4,28,5,0.814814814814815,0.875
0.429,22,4,28,5,0.814814814814815,0.875
0.43,22,4,28,5,0.814814814814815,0.875
0.431,22,4,28,5,0.814814814814815,0.875
0.432,22,4,28,5,0.814814814814815,0.875
0.433,22,3,29,5,0.814814814814815,0.90625
0.434,22,3,29,5,0.814814814814815,0.90625
0.435,22,3,29,5,0.814814814814815,0.90625
0.436,22,3,29,5,0.814814814814815,0.90625
0.437,22,3,29,5,0.814814814814815,0.90625
0.438,22,3,29,5,0.814814814814815,0.90625
0.439,22,3,29,5,0.814814814814815,0.90625
0.44,22,3,29,5,0.814814814814815,0.90625
0.441,22,3,29,5,0.814814814814815,0.90625
0.442,22,3,29,5,0.814814814814815,0.90625
0.443,22,3,29,5,0.814814814814815,0.90625
0.444,22,3,29,5,0.814814814814815,0.90625
0.445,22,3,29,5,0.814814814814815,0.90625
0.446,22,3,29,5,0.814814814814815,0.90625
0.447,22,3,29,5,0.814814814814815,0.90625
0.448,22,3,29,5,0.814814814814815,0.90625
0.449,22,3,29,5,0.814814814814815,0.90625
0.45,22,3,29,5,0.814814814814815,0.90625
0.451,22,3,29,5,0.814814814814815,0.90625
0.452,22,3,29,5,0.814814814814815,0.90625
0.453,22,3,29,5,0.814814814814815,0.90625
0.454,22,2,30,5,0.814814814814815,0.9375
0.455,22,2,30,5,0.814814814814815,0.9375
0.456,22,2,30,5,0.814814814814815,0.9375
0.457,22,2,30,5,0.814814814814815,0.9375
0.458,22,1,31,5,0.814814814814815,0.96875
0.459,22,1,31,5,0.814814814814815,0.96875
0.46,22,1,31,5,0.814814814814815,0.96875
0.461,22,1,31,5,0.814814814814815,0.96875
0.462,22,1,31,5,0.814814814814815,0.96875
0.463,22,1,31,5,0.814814814814815,0.96875
0.464,22,1,31,5,0.814814814814815,0.96875
0.465,22,1,31,5,0.814814814814815,0.96875
0.466,22,1,31,5,0.814814814814815,0.96875
0.467,22,1,31,5,0.814814814814815,0.96875
0.468,22,1,31,5,0.814814814814815,0.96875
0.469,22,1,31,5,0.814814814814815,0.96875
0.47,22,1,31,5,0.814814814814815,0.96875
0.471,22,1,31,5,0.814814814814815,0.96875
0.472,22,1,31,5,0.814814814814815,0.96875
0.473,22,1,31,5,0.814814814814815,0.96875
0.474,22,1,31,5,0.814814814814815,0.96875
0.475,22,1,31,5,0.814814814814815,0.96875
0.476,22,1,31,5,0.814814814814815,0.96875
0.477,22,1,31,5,0.814814814814815,0.96875
0.478,22,1,31,5,0.814814814814815,0.96875
0.479,22,1,31,5,0.814814814814815,0.96875
0.48,22,1,31,5,0.814814814814815,0.96875
0.481,22,1,31,5,0.814814814814815,0.96875
0.482,22,1,31,5,0.814814814814815,0.96875
0.483,22,1,31,5,0.814814814814815,0.96875
0.484,22,1,31,5,0.814814814814815,0.96875
0.485,22,1,31,5,0.814814814814815,0.96875
0.486,22,1,31,5,0.814814814814815,0.96875
0.487,22,1,31,5,0.814814814814815,0.96875
0.488,22,1,31,5,0.814814814814815,0.96875
0.489,22,1,31,5,0.814814814814815,0.96875
0.49,22,1,31,5,0.814814814814815,0.96875
0.491,22,1,31,5,0.814814814814815,0.96875
0.492,22,1,31,5,0.814814814814815,0.96875
0.493,22,1,31,5,0.814814814814815,0.96875
0.494,22,1,31,5,0.814814814814815,0.96875
0.495,22,1,31,5,0.814814814814815,0.96875
0.496,22,1,31,5,0.814814814814815,0.96875
0.497,22,1,31,5,0.814814814814815,0.96875
0.498,22,1,31,5,0.814814814814815,0.96875
0.499,22,1,31,5,0.814814814814815,0.96875
0.5,22,1,31,5,0.814814814814815,0.96875
0.501,22,1,31,5,0.814814814814815,0.96875
0.502,22,1,31,5,0.814814814814815,0.96875
0.503,22,1,31,5,0.814814814814815,0.96875
0.504,22,1,31,5,0.814814814814815,0.96875
0.505,22,1,31,5,0.814814814814815,0.96875
0.506,22,1,31,5,0.814814814814815,0.96875
0.507,22,1,31,5,0.814814814814815,0.96875
0.508,22,1,31,5,0.814814814814815,0.96875
0.509,22,1,31,5,0.814814814814815,0.96875
0.51,22,1,31,5,0.814814814814815,0.96875
0.511,22,1,31,5,0.814814814814815,0.96875
0.512,22,1,31,5,0.814814814814815,0.96875
0.513,22,1,31,5,0.814814814814815,0.96875
0.514,22,1,31,5,0.814814814814815,0.96875
0.515,22,1,31,5,0.814814814814815,0.96875
0.516,22,1,31,5,0.814814814814815,0.96875
0.517,22,1,31,5,0.814814814814815,0.96875
0.518,22,1,31,5,0.814814814814815,0.96875
0.519,22,1,31,5,0.814814814814815,0.96875
0.52,22,1,31,5,0.814814814814815,0.96875
0.521,22,1,31,5,0.814814814814815,0.96875
0.522,22,1,31,5,0.814814814814815,0.96875
0.523,21,1,31,6,0.777777777777778,0.96875
0.524,21,1,31,6,0.777777777777778,0.96875
0.525,21,1,31,6,0.777777777777778,0.96875
0.526,21,1,31,6,0.777777777777778,0.96875
0.527,21,1,31,6,0.777777777777778,0.96875
0.528,21,1,31,6,0.777777777777778,0.96875
0.529,21,1,31,6,0.777777777777778,0.96875
0.53,21,1,31,6,0.777777777777778,0.96875
0.531,21,1,31,6,0.777777777777778,0.96875
0.532,21,1,31,6,0.777777777777778,0.96875
0.533,21,1,31,6,0.777777777777778,0.96875
0.534,21,1,31,6,0.777777777777778,0.96875
0.535,21,1,31,6,0.777777777777778,0.96875
0.536,21,1,31,6,0.777777777777778,0.96875
0.537,21,1,31,6,0.777777777777778,0.96875
0.538,21,0,32,6,0.777777777777778,1
0.539,21,0,32,6,0.777777777777778,1
0.54,21,0,32,6,0.777777777777778,1
0.541,21,0,32,6,0.777777777777778,1
0.542,21,0,32,6,0.777777777777778,1
0.543,21,0,32,6,0.777777777777778,1
0.544,21,0,32,6,0.777777777777778,1
0.545,21,0,32,6,0.777777777777778,1
0.546,21,0,32,6,0.777777777777778,1
0.547,21,0,32,6,0.777777777777778,1
0.548,21,0,32,6,0.777777777777778,1
0.549,21,0,32,6,0.777777777777778,1
0.55,21,0,32,6,0.777777777777778,1
0.551,21,0,32,6,0.777777777777778,1
0.552,21,0,32,6,0.777777777777778,1
0.553,21,0,32,6,0.777777777777778,1
0.554,21,0,32,6,0.777777777777778,1
0.555,21,0,32,6,0.777777777777778,1
0.556,21,0,32,6,0.777777777777778,1
0.557,21,0,32,6,0.777777777777778,1
0.558,21,0,32,6,0.777777777777778,1
0.559,21,0,32,6,0.777777777777778,1
0.56,21,0,32,6,0.777777777777778,1
0.561,20,0,32,7,0.740740740740741,1
0.562,20,0,32,7,0.740740740740741,1
0.563,20,0,32,7,0.740740740740741,1
0.564,20,0,32,7,0.740740740740741,1
0.565,20,0,32,7,0.740740740740741,1
0.566,20,0,32,7,0.740740740740741,1
0.567,20,0,32,7,0.740740740740741,1
0.568,20,0,32,7,0.740740740740741,1
0.569,20,0,32,7,0.740740740740741,1
0.57,20,0,32,7,0.740740740740741,1
0.571,20,0,32,7,0.740740740740741,1
0.572,20,0,32,7,0.740740740740741,1
0.573,20,0,32,7,0.740740740740741,1
0.574,20,0,32,7,0.740740740740741,1
0.575,20,0,32,7,0.740740740740741,1
0.576,20,0,32,7,0.740740740740741,1
0.577,20,0,32,7,0.740740740740741,1
0.578,20,0,32,7,0.740740740740741,1
0.579,20,0,32,7,0.740740740740741,1
0.58,20,0,32,7,0.740740740740741,1
0.581,20,0,32,7,0.740740740740741,1
0.582,20,0,32,7,0.740740740740741,1
0.583,20,0,32,7,0.740740740740741,1
0.584,20,0,32,7,0.740740740740741,1
0.585,20,0,32,7,0.740740740740741,1
0.586,20,0,32,7,0.740740740740741,1
0.587,20,0,32,7,0.740740740740741,1
0.588,20,0,32,7,0.740740740740741,1
0.589,20,0,32,7,0.740740740740741,1
0.59,20,0,32,7,0.740740740740741,1
0.591,20,0,32,7,0.740740740740741,1
0.592,20,0,32,7,0.740740740740741,1
0.593,20,0,32,7,0.740740740740741,1
0.594,20,0,32,7,0.740740740740741,1
0.595,20,0,32,7,0.740740740740741,1
0.596,20,0,32,7,0.740740740740741,1
0.597,20,0,32,7,0.740740740740741,1
0.598,20,0,32,7,0.740740740740741,1
0.599,20,0,32,7,0.740740740740741,1
0.6,20,0,32,7,0.740740740740741,1
0.601,20,0,32,7,0.740740740740741,1
0.602,20,0,32,7,0.740740740740741,1
0.603,20,0,32,7,0.740740740740741,1
0.604,20,0,32,7,0.740740740740741,1
0.605,20,0,32,7,0.740740740740741,1
0.606,20,0,32,7,0.740740740740741,1
0.607,20,0,32,7,0.740740740740741,1
0.608,20,0,32,7,0.740740740740741,1
0.609,20,0,32,7,0.740740740740741,1
0.61,20,0,32,7,0.740740740740741,1
0.611,20,0,32,7,0.740740740740741,1
0.612,20,0,32,7,0.740740740740741,1
0.613,20,0,32,7,0.740740740740741,1
0.614,20,0,32,7,0.740740740740741,1
0.615,20,0,32,7,0.740740740740741,1
0.616,20,0,32,7,0.740740740740741,1
0.617,20,0,32,7,0.740740740740741,1
0.618,20,0,32,7,0.740740740740741,1
0.619,20,0,32,7,0.740740740740741,1
0.62,20,0,32,7,0.740740740740741,1
0.621,20,0,32,7,0.740740740740741,1
0.622,20,0,32,7,0.740740740740741,1
0.623,20,0,32,7,0.740740740740741,1
0.624,20,0,32,7,0.740740740740741,1
0.625,20,0,32,7,0.740740740740741,1
0.626,20,0,32,7,0.740740740740741,1
0.627,20,0,32,7,0.740740740740741,1
0.628,20,0,32,7,0.740740740740741,1
0.629,20,0,32,7,0.740740740740741,1
0.63,20,0,32,7,0.740740740740741,1
0.631,20,0,32,7,0.740740740740741,1
0.632,20,0,32,7,0.740740740740741,1
0.633,20,0,32,7,0.740740740740741,1
0.634,20,0,32,7,0.740740740740741,1
0.635,20,0,32,7,0.740740740740741,1
0.636,20,0,32,7,0.740740740740741,1
0.637,20,0,32,7,0.740740740740741,1
0.638,20,0,32,7,0.740740740740741,1
0.639,20,0,32,7,0.740740740740741,1
0.64,20,0,32,7,0.740740740740741,1
0.641,20,0,32,7,0.740740740740741,1
0.642,20,0,32,7,0.740740740740741,1
0.643,20,0,32,7,0.740740740740741,1
0.644,20,0,32,7,0.740740740740741,1
0.645,20,0,32,7,0.740740740740741,1
0.646,20,0,32,7,0.740740740740741,1
0.647,20,0,32,7,0.740740740740741,1
0.648,20,0,32,7,0.740740740740741,1
0.649,20,0,32,7,0.740740740740741,1
0.65,20,0,32,7,0.740740740740741,1
0.651,20,0,32,7,0.740740740740741,1
0.652,20,0,32,7,0.740740740740741,1
0.653,20,0,32,7,0.740740740740741,1
0.654,20,0,32,7,0.740740740740741,1
0.655,20,0,32,7,0.740740740740741,1
0.656,20,0,32,7,0.740740740740741,1
0.657,20,0,32,7,0.740740740740741,1
0.658,20,0,32,7,0.740740740740741,1
0.659,20,0,32,7,0.740740740740741,1
0.66,20,0,32,7,0.740740740740741,1
0.661,20,0,32,7,0.740740740740741,1
0.662,20,0,32,7,0.740740740740741,1
0.663,20,0,32,7,0.740740740740741,1
0.664,20,0,32,7,0.740740740740741,1
0.665,20,0,32,7,0.740740740740741,1
0.666,20,0,32,7,0.740740740740741,1
0.667,20,0,32,7,0.740740740740741,1
0.668,20,0,32,7,0.740740740740741,1
0.669,20,0,32,7,0.740740740740741,1
0.67,20,0,32,7,0.740740740740741,1
0.671,19,0,32,8,0.703703703703704,1
0.672,19,0,32,8,0.703703703703704,1
0.673,19,0,32,8,0.703703703703704,1
0.674,18,0,32,9,0.666666666666667,1
0.675,18,0,32,9,0.666666666666667,1
0.676,18,0,32,9,0.666666666666667,1
0.677,18,0,32,9,0.666666666666667,1
0.678,18,0,32,9,0.666666666666667,1
0.679,18,0,32,9,0.666666666666667,1
0.68,18,0,32,9,0.666666666666667,1
0.681,18,0,32,9,0.666666666666667,1
0.682,18,0,32,9,0.666666666666667,1
0.683,18,0,32,9,0.666666666666667,1
0.684,18,0,32,9,0.666666666666667,1
0.685,18,0,32,9,0.666666666666667,1
0.686,18,0,32,9,0.666666666666667,1
0.687,18,0,32,9,0.666666666666667,1
0.688,18,0,32,9,0.666666666666667,1
0.689,18,0,32,9,0.666666666666667,1
0.69,18,0,32,9,0.666666666666667,1
0.691,18,0,32,9,0.666666666666667,1
0.692,18,0,32,9,0.666666666666667,1
0.693,18,0,32,9,0.666666666666667,1
0.694,18,0,32,9,0.666666666666667,1
0.695,18,0,32,9,0.666666666666667,1
0.696,18,0,32,9,0.666666666666667,1
0.697,18,0,32,9,0.666666666666667,1
0.698,18,0,32,9,0.666666666666667,1
0.699,18,0,32,9,0.666666666666667,1
0.7,18,0,32,9,0.666666666666667,1
0.701,18,0,32,9,0.666666666666667,1
0.702,18,0,32,9,0.666666666666667,1
0.703,18,0,32,9,0.666666666666667,1
0.704,18,0,32,9,0.666666666666667,1
0.705,18,0,32,9,0.666666666666667,1
0.706,18,0,32,9,0.666666666666667,1
0.707,18,0,32,9,0.666666666666667,1
0.708,18,0,32,9,0.666666666666667,1
0.709,18,0,32,9,0.666666666666667,1
0.71,18,0,32,9,0.666666666666667,1
0.711,18,0,32,9,0.666666666666667,1
0.712,18,0,32,9,0.666666666666667,1
0.713,18,0,32,9,0.666666666666667,1
0.714,18,0,32,9,0.666666666666667,1
0.715,18,0,32,9,0.666666666666667,1
0.716,18,0,32,9,0.666666666666667,1
0.717,18,0,32,9,0.666666666666667,1
0.718,18,0,32,9,0.666666666666667,1
0.719,18,0,32,9,0.666666666666667,1
0.72,18,0,32,9,0.666666666666667,1
0.721,18,0,32,9,0.666666666666667,1
0.722,18,0,32,9,0.666666666666667,1
0.723,18,0,32,9,0.666666666666667,1
0.724,18,0,32,9,0.666666666666667,1
0.725,18,0,32,9,0.666666666666667,1
0.726,18,0,32,9,0.666666666666667,1
0.727,18,0,32,9,0.666666666666667,1
0.728,18,0,32,9,0.666666666666667,1
0.729,18,0,32,9,0.666666666666667,1
0.73,18,0,32,9,0.666666666666667,1
0.731,18,0,32,9,0.666666666666667,1
0.732,18,0,32,9,0.666666666666667,1
0.733,18,0,32,9,0.666666666666667,1
0.734,18,0,32,9,0.666666666666667,1
0.735,18,0,32,9,0.666666666666667,1
0.736,18,0,32,9,0.666666666666667,1
0.737,18,0,32,9,0.666666666666667,1
0.738,18,0,32,9,0.666666666666667,1
0.739,18,0,32,9,0.666666666666667,1
0.74,18,0,32,9,0.666666666666667,1
0.741,18,0,32,9,0.666666666666667,1
0.742,18,0,32,9,0.666666666666667,1
0.743,18,0,32,9,0.666666666666667,1
0.744,18,0,32,9,0.666666666666667,1
0.745,18,0,32,9,0.666666666666667,1
0.746,18,0,32,9,0.666666666666667,1
0.747,18,0,32,9,0.666666666666667,1
0.748,18,0,32,9,0.666666666666667,1
0.749,18,0,32,9,0.666666666666667,1
0.75,18,0,32,9,0.666666666666667,1
0.751,18,0,32,9,0.666666666666667,1
0.752,18,0,32,9,0.666666666666667,1
0.753,18,0,32,9,0.666666666666667,1
0.754,18,0,32,9,0.666666666666667,1
0.755,17,0,32,10,0.62962962962963,1
0.756,17,0,32,10,0.62962962962963,1
0.757,17,0,32,10,0.62962962962963,1
0.758,17,0,32,10,0.62962962962963,1
0.759,17,0,32,10,0.62962962962963,1
0.76,17,0,32,10,0.62962962962963,1
0.761,17,0,32,10,0.62962962962963,1
0.762,17,0,32,10,0.62962962962963,1
0.763,17,0,32,10,0.62962962962963,1
0.764,17,0,32,10,0.62962962962963,1
0.765,17,0,32,10,0.62962962962963,1
0.766,17,0,32,10,0.62962962962963,1
0.767,17,0,32,10,0.62962962962963,1
0.768,16,0,32,11,0.592592592592593,1
0.769,16,0,32,11,0.592592592592593,1
0.77,16,0,32,11,0.592592592592593,1
0.771,16,0,32,11,0.592592592592593,1
0.772,16,0,32,11,0.592592592592593,1
0.773,16,0,32,11,0.592592592592593,1
0.774,16,0,32,11,0.592592592592593,1
0.775,16,0,32,11,0.592592592592593,1
0.776,16,0,32,11,0.592592592592593,1
0.777,16,0,32,11,0.592592592592593,1
0.778,16,0,32,11,0.592592592592593,1
0.779,16,0,32,11,0.592592592592593,1
0.78,16,0,32,11,0.592592592592593,1
0.781,16,0,32,11,0.592592592592593,1
0.782,16,0,32,11,0.592592592592593,1
0.783,16,0,32,11,0.592592592592593,1
0.784,16,0,32,11,0.592592592592593,1
0.785,16,0,32,11,0.592592592592593,1
0.786,16,0,32,11,0.592592592592593,1
0.787,16,0,32,11,0.592592592592593,1
0.788,16,0,32,11,0.592592592592593,1
0.789,16,0,32,11,0.592592592592593,1
0.79,16,0,32,11,0.592592592592593,1
0.791,16,0,32,11,0.592592592592593,1
0.792,16,0,32,11,0.592592592592593,1
0.793,16,0,32,11,0.592592592592593,1
0.794,16,0,32,11,0.592592592592593,1
0.795,16,0,32,11,0.592592592592593,1
0.796,16,0,32,11,0.592592592592593,1
0.797,16,0,32,11,0.592592592592593,1
0.798,16,0,32,11,0.592592592592593,1
0.799,16,0,32,11,0.592592592592593,1
0.8,16,0,32,11,0.592592592592593,1
0.801,16,0,32,11,0.592592592592593,1
0.802,16,0,32,11,0.592592592592593,1
0.803,16,0,32,11,0.592592592592593,1
0.804,16,0,32,11,0.592592592592593,1
0.805,16,0,32,11,0.592592592592593,1
0.806,16,0,32,11,0.592592592592593,1
0.807,16,0,32,11,0.592592592592593,1
0.808,16,0,32,11,0.592592592592593,1
0.809,16,0,32,11,0.592592592592593,1
0.81,16,0,32,11,0.592592592592593,1
0.811,16,0,32,11,0.592592592592593,1
0.812,16,0,32,11,0.592592592592593,1
0.813,16,0,32,11,0.592592592592593,1
0.814,16,0,32,11,0.592592592592593,1
0.815,16,0,32,11,0.592592592592593,1
0.816,16,0,32,11,0.592592592592593,1
0.817,16,0,32,11,0.592592592592593,1
0.818,16,0,32,11,0.592592592592593,1
0.819,16,0,32,11,0.592592592592593,1
0.82,16,0,32,11,0.592592592592593,1
0.821,16,0,32,11,0.592592592592593,1
0.822,16,0,32,11,0.592592592592593,1
0.823,16,0,32,11,0.592592592592593,1
0.824,16,0,32,11,0.592592592592593,1
0.825,16,0,32,11,0.592592592592593,1
0.826,16,0,32,11,0.592592592592593,1
0.827,16,0,32,11,0.592592592592593,1
0.828,16,0,32,11,0.592592592592593,1
0.829,16,0,32,11,0.592592592592593,1
0.83,16,0,32,11,0.592592592592593,1
0.831,16,0,32,11,0.592592592592593,1
0.832,16,0,32,11,0.592592592592593,1
0.833,16,0,32,11,0.592592592592593,1
0.834,16,0,32,11,0.592592592592593,1
0.835,16,0,32,11,0.592592592592593,1
0.836,16,0,32,11,0.592592592592593,1
0.837,16,0,32,11,0.592592592592593,1
0.838,16,0,32,11,0.592592592592593,1
0.839,16,0,32,11,0.592592592592593,1
0.84,16,0,32,11,0.592592592592593,1
0.841,16,0,32,11,0.592592592592593,1
0.842,16,0,32,11,0.592592592592593,1
0.843,16,0,32,11,0.592592592592593,1
0.844,16,0,32,11,0.592592592592593,1
0.845,16,0,32,11,0.592592592592593,1
0.846,16,0,32,11,0.592592592592593,1
0.847,16,0,32,11,0.592592592592593,1
0.848,16,0,32,11,0.592592592592593,1
0.849,16,0,32,11,0.592592592592593,1
0.85,16,0,32,11,0.592592592592593,1
0.851,16,0,32,11,0.592592592592593,1
0.852,16,0,32,11,0.592592592592593,1
0.853,16,0,32,11,0.592592592592593,1
0.854,16,0,32,11,0.592592592592593,1
0.855,16,0,32,11,0.592592592592593,1
0.856,16,0,32,11,0.592592592592593,1
0.857,16,0,32,11,0.592592592592593,1
0.858,16,0,32,11,0.592592592592593,1
0.859,16,0,32,11,0.592592592592593,1
0.86,16,0,32,11,0.592592592592593,1
0.861,16,0,32,11,0.592592592592593,1
0.862,16,0,32,11,0.592592592592593,1
0.863,16,0,32,11,0.592592592592593,1
0.864,16,0,32,11,0.592592592592593,1
0.865,16,0,32,11,0.592592592592593,1
0.866,16,0,32,11,0.592592592592593,1
0.867,16,0,32,11,0.592592592592593,1
0.868,16,0,32,11,0.592592592592593,1
0.869,16,0,32,11,0.592592592592593,1
0.87,16,0,32,11,0.592592592592593,1
0.871,16,0,32,11,0.592592592592593,1
0.872,16,0,32,11,0.592592592592593,1
0.873,16,0,32,11,0.592592592592593,1
0.874,16,0,32,11,0.592592592592593,1
0.875,16,0,32,11,0.592592592592593,1
0.876,16,0,32,11,0.592592592592593,1
0.877,16,0,32,11,0.592592592592593,1
0.878,16,0,32,11,0.592592592592593,1
0.879,16,0,32,11,0.592592592592593,1
0.88,16,0,32,11,0.592592592592593,1
0.881,16,0,32,11,0.592592592592593,1
0.882,16,0,32,11,0.592592592592593,1
0.883,16,0,32,11,0.592592592592593,1
0.884,16,0,32,11,0.592592592592593,1
0.885,16,0,32,11,0.592592592592593,1
0.886,16,0,32,11,0.592592592592593,1
0.887,16,0,32,11,0.592592592592593,1
0.888,16,0,32,11,0.592592592592593,1
0.889,16,0,32,11,0.592592592592593,1
0.89,16,0,32,11,0.592592592592593,1
0.891,16,0,32,11,0.592592592592593,1
0.892,16,0,32,11,0.592592592592593,1
0.893,16,0,32,11,0.592592592592593,1
0.894,16,0,32,11,0.592592592592593,1
0.895,16,0,32,11,0.592592592592593,1
0.896,16,0,32,11,0.592592592592593,1
0.897,16,0,32,11,0.592592592592593,1
0.898,16,0,32,11,0.592592592592593,1
0.899,16,0,32,11,0.592592592592593,1
0.9,16,0,32,11,0.592592592592593,1
